Title,Studio,Gross,Gross (Adjusted),Year
Star Wars: The Force Awakens,Buena Vista,936662225,1256708623,2015
Avengers: Endgame,Walt Disney Studios Motion Pictures,858373000,1059847012,2019
Spider-Man: No Way Home,Sony Pictures Releasing,814866759,906208756,2021
Avatar,Fox,760507625,1131107347,2009
Top Gun: Maverick,Paramount Pictures,718732821,771972289,2022
Black Panther,Walt Disney Studios Motion Pictures,700426566,869574584,2018
Avatar: The Way of Water,20th Century Studios,684075767,734748046,2022
Avengers: Infinity War,Walt Disney Studios Motion Pictures,678815482,842744578,2018
Titanic,Paramount,658672302,1574728564,1997
Inside Out 2,Walt Disney Studios Motion Pictures,652980194,652980194,2024
Jurassic World,Universal,652270625,918852381,2015
Deadpool & Wolverine,Walt Disney Studios Motion Pictures,636745858,636745858,2024
Barbie,Warner Bros. Pictures,636238421,657756539,2023
Marvel's The Avengers,Buena Vista,623357910,893652132,2012
Incredibles 2,Walt Disney Studios Motion Pictures,608581744,755549893,2018
The Super Mario Bros. Movie,Universal Pictures,574934330,594379093,2023
The Lion King (2019),Walt Disney Studios Motion Pictures,543638043,671238675,2019
The Dark Knight,Warner Brothers,534858444,865549070,2008
Rogue One: A Star Wars Story,Buena Vista,532177324,702561510,2016
Star Wars: The Rise of Skywalker,Walt Disney Studios Motion Pictures,515202542,636128903,2019
Beauty and the Beast (2017),Buena Vista,504014165,659005804,2017
Finding Dory,Buena Vista,486295561,652770575,2016
Frozen II,Walt Disney Studios Motion Pictures,477373578,589420870,2019
Star Wars: Episode I - The Phantom Menace,Fox,474544677,1049769749,1999
Wicked,Universal Pictures,473231120,473231120,2024
Star Wars,Fox,460998007,2070427167,1977
Moana 2,Walt Disney Studios Motion Pictures,460405297,460405297,2024
Avengers: Age of Ultron,Buena Vista,459005868,622186374,2015
Black Panther: Wakanda Forever,Walt Disney Studios Motion Pictures,453829060,487446027,2022
The Dark Knight Rises,Warner Brothers,448139099,669319655,2012
Shrek 2,Dreamworks,441226247,825881958,2004
E.T.: The Extra-Terrestrial,Universal,435110554,1648886861,1982
Toy Story 4,Walt Disney Studios Motion Pictures,434038008,535913741,2019
Captain Marvel,Walt Disney Studios Motion Pictures,426829839,527013699,2019
The Hunger Games: Catching Fire,Lionsgate,424668047,594146596,2013
Pirates of the Caribbean: Dead Man's Chest,Buena Vista,423315812,751227459,2006
The Lion King,Buena Vista,422783777,1036220500,1994
Jurassic World: Fallen Kingdom,Universal Pictures,417719760,518596102,2018
Toy Story 3,Buena Vista,415004880,606784246,2010
Doctor Strange in the Multiverse of Madness,Walt Disney Studios Motion Pictures,411331607,441800615,2022
Iron Man 3,Buena Vista,409013994,567338758,2013
Captain America: Civil War,Buena Vista,408084349,543473612,2016
The Hunger Games,Lionsgate,408010692,591224562,2012
Wonder Woman,Warner Brothers,406381596,531349809,2017
Spider-Man,Sony,403706375,807677042,2002
Jurassic Park,Universal,402453882,1068482766,1993
Transformers: Revenge of the Fallen,Paramount/Dreamworks,402111870,626533729,2009
Frozen,Buena Vista,400738009,570043220,2013
Spider-Man: Far from Home,Sony Pictures Releasing,391283774,483124398,2019
Guardians of the Galaxy Vol. 2,Buena Vista,389397196,509142461,2017
Spider-Man: Across the Spider-Verse,Sony Pictures Releasing,381593754,394499576,2023
Harry Potter and the Deathly Hallows Part 2,Warner Brothers,381011219,557825282,2011
Finding Nemo,Buena Vista,380843261,715869523,2003
Star Wars: Episode III - Revenge of the Sith,Fox,380270577,689577238,2005
The Lord of the Rings: The Return of the King,Newline,377845905,716487715,2003
Jurassic World Dominion,Universal Pictures,376851080,404765975,2022
Spider-Man 2,Sony,373585825,699273503,2004
The Passion of the Christ,NM,370782930,693997290,2004
Minions: The Rise of Gru,Universal Pictures,370549695,397997821,2022
The Batman,Warner Bros. Pictures,369345583,396704515,2022
The Secret Life of Pets,Universal,368384330,503006301,2016
Despicable Me 2,Universal,368061265,545087738,2013
The Jungle Book (2016),Buena Vista,364001123,484837342,2016
Deadpool,Fox,363070709,491605298,2016
Despicable Me 4,Universal Pictures,361004205,361004205,2024
Guardians of the Galaxy Vol. 3,Walt Disney Studios Motion Pictures,358995815,371137355,2023
Inside Out,Buena Vista,356461711,501992454,2015
Aladdin (2019),Walt Disney Studios Motion Pictures,355559216,439014709,2019
Furious 7,Universal,353007020,476852482,2015
Transformers: Dark of the Moon,Paramount/Dreamworks,352390543,514479871,2011
American Sniper,Warner Brothers,350126372,500753453,2014
Thor: Love and Thunder,Walt Disney Studios Motion Pictures,343256830,368683262,2022
The Lord of the Rings: The Two Towers,Newline,342551365,670987389,2002
Zootopia,Buena Vista,341268248,460373485,2016
The Hunger Games: Mockingjay - Part 1,Lionsgate,337135885,473401428,2014
Spider-Man 3,Sony,336530303,568570044,2007
Minions,Universal,336045770,473254332,2015
Joker,Warner Bros. Pictures,335477657,414219683,2019
Aquaman,Warner Bros. Pictures,335104314,416029615,2018
Alice in Wonderland (2010),Buena Vista,334191110,488625342,2010
GUnited Artistsrdians of the Galaxy,Buena Vista,333176600,478639985,2014
Batman v Superman: Dawn of Justice,Warner Brothers,330360194,444734043,2016
Forrest Gump,Paramount,330252182,913801060,1994
Oppenheimer,Universal Pictures,330078895,341242441,2023
Suicide Squad,Warner Brothers,325100054,443785964,2016
Deadpool 2,20th Century Fox,324591735,402978323,2018
Shrek the Third,Paramount/Dreamworks,322719944,545237318,2007
Jumanji: The Next Level,Sony Pictures Releasing,320314960,395498057,2019
Transformers,Paramount/Dreamworks,319246193,539368408,2007
Iron Man,Paramount,318412101,515467567,2008
Harry Potter and the Sorcerer's Stone,Warner Brothers,317575550,649921501,2001
Indiana Jones and the Kingdom of the Crystal Skull,Paramount,317101119,513359462,2008
The Lord of the Rings: The Fellowship of the Ring,Newline,315544750,636976062,2001
Iron Man 2,Paramount,312433331,456812992,2010
Star Wars: Episode II - Attack of the Clones,Fox,310676740,621506989,2002
Pirates of the Caribbean: At World's End,Buena Vista,309420425,522767813,2007
Return of the Jedi,Fox,309306177,1093328155,1983
Independence Day,Fox,306169268,805167791,1996
Pirates of the Caribbean: The Curse of the Black Pearl,Buena Vista,305413918,588732832,2003
Harry Potter and the Half-Blood Prince,Warner Brothers,301959197,470428402,2009
The Little Mermaid (2023),Walt Disney Studios Motion Pictures,298172056,308256486,2023
The Twilight Saga: New Moon,Sum.,296623634,452283108,2009
Beetlejuice Beetlejuice,Warner Bros. Pictures,294100435,294100435,2024
The Sixth Sense,Buena Vista,293506292,669288405,1999
Up,Buena Vista,293004164,456510695,2009
Harry Potter and the Order of the Phoenix,Warner Brothers,292004738,493343769,2007
"The Chronicles of Narnia: The Lion, the Witch and the Wa ...",Buena Vista,291710957,525119377,2005
The Empire Strikes Back,Fox,290475067,1141232477,1980
Harry Potter and the Goblet of Fire,Warner Brothers,290013036,525108525,2005
"Monsters, Inc.",Buena Vista,289916256,573670919,2001
Home Alone,Fox,285761243,787328979,1990
Dune: Part Two,Warner Bros. Pictures,282144358,282144358,2024
The Matrix Reloaded,Warner Brothers,281576461,542784290,2003
Meet the Fockers,Universal,279261160,513458571,2004
Twisters,Universal Pictures,267762265,267762265,2024
Shrek,Dreamworks,267665011,549696988,2001
Harry Potter and the Chamber of Secrets,Warner Brothers,261988482,522093397,2002
The Incredibles,Buena Vista,261441092,488547937,2004
How the Grinch Stole Christmas,Universal,260044825,559184313,2000
Jaws,Universal,260000000,1488763019,1975
Batman,Warner Brothers,251188924,731772167,1989
Men in Black,Sony,250690539,634853443,1997
Harry Potter and the Prisoner of Azkaban,Warner Brothers,249541069,467087964,2004
Raiders of the Lost Ark,Paramount,248159971,1029017926,1981
Toy Story 2,Buena Vista,245852179,556042356,1999
Bruce Almighty,Universal,242829261,468092788,2003
Ghostbusters,Columbia,242212467,827309372,1984
Twister,Warner Brothers,241721524,635684107,1996
My Big Fat Greek Wedding,IFC,241438208,481451925,2002
Beverly Hills Cop,Paramount,234760478,780538664,1984
Cast Away,Fox,233632142,486969898,2000
The Exorcist,Warner Brothers,232906145,1285582988,1973
The Lost World: Jurassic Park,Universal,229086679,580143508,1997
Signs,Buena Vista,227966634,456044174,2002
Rush Hour 2,Newline,226164286,464468097,2001
Mrs. Doubtfire,Fox,219195243,612392960,1993
Beauty and the Beast,Buena Vista,218967620,527298873,1991
Ghost,Paramount,217631306,598221595,1990
Aladdin,Buena Vista,217350219,609579581,1992
Saving Private Ryan,Dreamworks,216540909,531755013,1998
Mission: Impossible II,Paramount,215409889,464542102,2000
Back to the Future,Universal,210609762,686393178,1985
Austin Powers: The Spy Who Shagged Me,Newline,206040086,471450747,1999
Terminator 2: Judgment Day,Tristar,205396118,566290000,1991
Armageddon,Buena Vista,201578182,499596042,1998
Gone with the Wind,MGM,198676459,2348526992,1939
Indiana Jones and the Last Crusade,Paramount,197171806,574407573,1989
Toy Story,Buena Vista,191796233,509916776,1995
Grease,Paramount,188755690,894674870,1978
Snow White and the Seven Dwarves,Disney,184925486,1266994578,1937
Dances with Wolves,Orion,184208848,507951974,1990
Batman Forever,Warner Brothers,184031112,491756708,1995
The Fugitive,Warner Brothers,183875760,516065624,1993
Liar Liar,Universal,181410615,459407624,1997
Mission: Impossible,Paramount,180981856,475949643,1996
Indiana Jones and the Temple of Doom,Paramount,179870271,622254888,1984
Top Gun,Paramount,179800601,558294419,1986
Pretty Woman,Buena Vista,178406268,490250451,1990
Tootsie,Columbia,177200000,661440180,1982
Crocodile Dundee,Paramount,174803506,537048355,1986
Apollo 13,Universal,173837933,463298525,1995
Home Alone 2: Lost in New York,Fox,173585516,486451468,1992
Rain Man,MGM,172825435,503214196,1988
Three Men and a Baby,Buena Vista,167780960,484756537,1987
Robin Hood: Prince of Thieves,Warner Brothers,165493908,456928446,1991
Batman Returns,Warner Brothers,162831698,456078038,1992
The Sound of Music,Fox,158671368,1655408351,1965
The Firm,Paramount,158348367,444591785,1993
Fatal Attraction,Paramount,156645693,461241151,1987
Who Framed Roger Rabbit,Buena Vista,156452370,442474789,1988
The Sting,Universal,156000000,1036179052,1973
Beverly Hills Cop II,Paramount,153665036,456821491,1987
Gremlins,Warner Brothers,153083102,528675686,1984
Rambo: First Blood Part II,Tristar,150415432,492506829,1985
101 Dalmatians,Disney,144880014,1161418539,1961
The Jungle Book,Disney,141843612,856440794,1967
National Lampoon's Animal House,Universal,141600000,696152728,1978
The Godfather,Paramount,134966411,917380381,1972
Superman,Warner Brothers,134218018,666719531,1978
Close Encounters of the Third Kind,Columbia,132088635,645999219,1977
An Officer and a Gentleman,Paramount,129795554,507458649,1982
Smokey and the Bandit,Universal,126737428,660614746,1977
Rocky III,United Artists,125049125,494165673,1982
Blazing Saddles,Warner Brothers,119601481,735085017,1974
On Golden Pond,Universal,119285432,471744284,1981
Rocky,United Artists,117235147,639773881,1976
The Towering Inferno,Fox,116000000,713418587,1974
American Graffiti,Universal,115000000,763849942,1973
The Rocky Horror Picture Show,Fox,112892319,640116189,1975
Doctor Zhivago,MGM,111721910,1442926139,1965
One Flew Over the Cuckoo's Nest,United Artists,108981275,624028008,1975
Superman II,Warner Brothers,108185706,452348745,1981
Love Story,Paramount,106397186,813644669,1970
Kramer Vs. Kramer,Columbia,106260000,500058902,1979
The Graduate,AVCO,104945305,994728229,1967
9 to 5,Fox,103290500,446330256,1980
Butch Cassidy and the Sundance Kid,Fox,102308889,820150599,1969
Mary Poppins,Disney,102272727,908770137,1964
Bambi,RKO,102247150,740581023,1942
Airport,Universal,100489151,768464553,1970
